model,rmse,mape
"Baseline (lag-7, advanced)",3053.463306373823,36.256859542072625
RandomForest (advanced),982.570819740771,10.143291307644297
XGBoost (advanced),926.4728045594176,9.558492359461933
